rm;sprint;data_sprint
8282;201804-01;2018-04-16 11:11:03
8282;201804-02;2018-04-16 11:40:26
8282;201805-01;2018-05-02 10:17:34
12217;201712-02;2018-01-02 00:00:00
12217;201801-01;2018-01-02 15:26:04
12217;201801-02;2018-01-16 11:37:25
12217;201802-01;2018-01-30 09:52:07
12217;201802-02;2018-02-19 16:34:37
12217;201803-01;2018-03-08 08:55:06
12872;201708-02;2018-01-02 00:00:00
13431;201505-01;2018-01-02 00:00:00
13593;201712-02;2018-01-02 00:00:00
13593;201801-01;2018-01-02 16:12:21
13593;201802-01;2018-01-15 13:33:04
13593;201802-02;2018-02-19 16:37:05
13593;201803-01;2018-03-07 12:02:29
13593;201803-02;2018-03-20 17:02:46
13593;201804-01;2018-04-02 11:31:36
13593;201804-02;2018-04-16 10:43:03
13820;201712-02;2018-01-02 00:00:00
13820;201801-01;2018-01-02 16:12:27
13820;201801-02;2018-01-16 11:39:55
13820;201802-01;2018-01-30 10:10:05
13820;201802-02;2018-02-19 16:36:10
13820;201803-01;2018-03-07 11:45:59
13820;;2018-03-08 15:34:32
13946;201706-01;2018-01-02 00:00:00
13946;;2018-02-22 16:29:17
14046;201709-01;2018-01-02 00:00:00
14047;201707-01;2018-01-02 00:00:00
14188;201712-02;2018-01-02 08:49:17
14188;201801-01;2018-01-02 08:50:28
14188;201801-02;2018-01-16 11:37:33
14188;201802-01;2018-01-30 09:52:10
14188;201802-02;2018-02-19 16:33:54
14188;201803-01;2018-03-08 08:55:14
14205;201704-01;2018-01-02 00:00:00
14215;201712-02;2018-01-02 00:00:00
14215;201801-01;2018-01-02 15:26:10
14215;201801-02;2018-01-16 11:37:34
14215;;2018-01-29 15:37:49
14298;201705-01;2018-01-02 00:00:00
14422;201712-02;2018-01-02 00:00:00
14422;201801-01;2018-01-02 16:12:28
14455;201712-02;2018-01-02 00:00:00
14455;201801-01;2018-01-02 11:46:00
14455;;2018-01-15 10:31:23
14473;201805-02;2018-05-11 16:00:53
14569;201712-02;2018-01-02 00:00:00
14569;201801-01;2018-01-02 15:26:11
14569;201801-02;2018-01-16 11:37:36
14569;201802-01;2018-01-30 09:52:12
14742;201801-02;2018-01-10 11:00:20
14742;201802-01;2018-01-15 13:34:47
14742;201802-02;2018-02-19 16:37:07
14742;201803-01;2018-03-07 12:02:36
14742;201803-02;2018-03-20 17:02:50
14742;201804-01;2018-04-02 11:31:38
14742;201804-02;2018-04-16 10:43:11
14838;201704-02;2018-01-02 00:00:00
14855;201703-01;2018-01-02 00:00:00
14911;201710-01;2018-01-02 00:00:00
14960;201703-02;2018-01-02 00:00:00
14960;201801-02;2018-01-16 17:09:20
14968;201703-02;2018-01-02 00:00:00
14991;201708-02;2018-01-02 00:00:00
15025;201704-01;2018-01-02 00:00:00
15180;201801-01;2018-01-02 00:00:00
15227;201703-02;2018-01-02 00:00:00
15229;201703-02;2018-01-02 00:00:00
15230;201703-02;2018-01-02 00:00:00
15231;201703-02;2018-01-02 00:00:00
15232;201703-02;2018-01-02 00:00:00
15277;201706-02;2018-01-02 00:00:00
15431;;2018-01-02 00:00:00
15613;201705-01;2018-01-02 00:00:00
15613;201803-01;2018-02-27 11:05:46
15613;201803-02;2018-03-20 11:31:53
15613;201804-01;2018-04-02 11:33:00
15835;201712-02;2018-01-02 00:00:00
15835;201801-01;2018-01-02 15:26:12
15835;201801-02;2018-01-16 11:37:38
15839;201805-02;2018-05-11 15:52:50
15842;201712-02;2018-01-02 00:00:00
15842;201802-01;2018-01-02 15:15:20
15842;201801-01;2018-01-08 10:32:45
15842;201801-02;2018-01-16 11:37:40
15842;201802-01;2018-01-30 09:52:13
15846;201802-01;2018-01-17 13:42:38
15846;201802-02;2018-02-19 16:33:55
15847;201802-01;2018-01-26 11:24:56
15847;201802-02;2018-02-19 16:32:51
15852;201802-01;2018-01-26 11:16:55
15852;201802-02;2018-02-19 16:32:57
15852;201803-01;2018-03-08 08:55:15
15857;201802-02;2018-02-16 15:44:43
15857;;2018-03-07 15:29:15
15875;201707-02;2018-01-02 00:00:00
15891;201801-02;2018-01-15 13:55:53
15891;201802-01;2018-01-30 09:52:15
15891;201802-02;2018-02-19 16:32:58
15924;201802-01;2018-01-26 11:18:55
15924;201802-02;2018-02-19 16:33:56
15924;201803-01;2018-03-08 08:55:16
15924;201803-02;2018-03-20 17:01:09
15927;201712-02;2018-01-02 00:00:00
15935;;2018-01-02 00:00:00
15941;201712-02;2018-01-02 00:00:00
15941;201801-01;2018-01-02 11:46:06
15941;201801-02;2018-01-16 08:19:49
15941;201802-01;2018-01-30 09:47:28
15941;201802-02;2018-02-19 16:30:01
15941;201803-01;2018-03-07 16:58:18
15941;201803-02;2018-03-20 11:31:59
15945;201712-02;2018-01-02 00:00:00
15945;201801-01;2018-01-02 15:26:13
15945;201801-02;2018-01-16 11:37:42
15945;201802-01;2018-01-30 09:52:17
15945;201802-02;2018-02-19 16:34:39
15945;;2018-03-07 15:23:00
15954;201706-01;2018-01-02 00:00:00
16111;;2018-01-02 00:00:00
16150;201709-01;2018-01-02 00:00:00
16162;;2018-01-02 00:00:00
16166;201710-02;2018-01-02 00:00:00
16188;201712-02;2018-01-02 00:00:00
16188;201801-01;2018-01-02 15:26:14
16188;201801-02;2018-01-16 11:37:43
16188;201802-01;2018-01-30 09:52:18
16188;201802-02;2018-02-19 16:32:59
16188;201803-01;2018-03-08 08:55:17
16188;201803-02;2018-03-20 17:01:15
16188;201804-01;2018-04-03 09:11:41
16188;201804-02;2018-04-16 16:03:39
16189;;2018-01-02 00:00:00
16191;201710-01;2018-01-02 00:00:00
16202;201712-02;2018-01-02 00:00:00
16202;201801-01;2018-01-02 16:12:29
16202;201803-01;2018-01-10 09:31:56
16202;201803-02;2018-03-20 17:03:56
16202;201804-01;2018-04-02 11:31:40
16202;201804-02;2018-04-16 11:40:32
16202;201805-01;2018-05-02 10:17:40
16231;201712-02;2018-01-02 00:00:00
16231;201801-01;2018-01-02 15:26:18
16244;201712-02;2018-01-02 00:00:00
16244;201801-01;2018-01-02 11:38:36
16279;201801-01;2018-01-02 11:05:23
16286;201706-02;2018-01-02 00:00:00
16455;201710-01;2018-01-02 00:00:00
16455;201801-01;2018-01-09 08:55:39
16455;201801-02;2018-01-16 11:40:02
16455;201802-01;2018-01-30 10:10:17
16520;201712-02;2018-01-02 00:00:00
16520;201801-01;2018-01-02 16:12:30
16520;201802-01;2018-01-15 13:33:10
16520;201802-02;2018-02-19 16:36:13
16520;201803-01;2018-03-07 12:02:39
16520;201803-02;2018-03-20 17:02:54
16520;201804-01;2018-04-02 11:31:42
16520;201804-02;2018-04-16 11:40:33
16520;201805-01;2018-05-02 10:17:42
16593;201801-01;2018-01-15 16:48:17
16593;201801-02;2018-01-16 11:40:04
16593;201802-01;2018-01-30 10:10:18
16593;201802-02;2018-02-19 16:36:15
16603;201804-01;2018-04-02 11:51:05
16603;201804-02;2018-04-16 11:40:34
16603;201805-01;2018-05-02 10:17:43
16616;201712-02;2018-01-02 00:00:00
16616;201801-01;2018-01-02 15:26:19
16616;201801-02;2018-01-16 11:37:49
16616;201802-01;2018-01-30 09:52:25
16616;201802-02;2018-02-19 16:33:58
16616;201803-01;2018-03-08 08:55:21
16657;201712-02;2018-01-02 00:00:00
16657;201801-01;2018-01-02 15:26:20
16657;201802-01;2018-01-15 13:26:54
16657;201802-02;2018-01-29 13:02:45
16657;201803-01;2018-03-08 08:55:22
16657;201803-02;2018-03-20 17:01:18
16657;201804-02;2018-04-02 13:08:52
16657;201805-01;2018-05-02 10:09:50
16662;201804-01;2018-04-02 11:52:28
16662;201804-02;2018-04-16 11:40:37
16662;201805-01;2018-05-02 10:17:46
16748;201712-02;2018-01-02 00:00:00
16748;201801-01;2018-01-02 15:26:21
16748;201801-02;2018-01-16 11:37:51
16759;;2018-01-02 00:00:00
16790;201712-02;2018-01-02 00:00:00
16790;201801-01;2018-01-02 16:12:31
16826;201804-01;2018-04-02 11:50:31
16826;201804-02;2018-04-16 11:40:36
16826;201805-01;2018-05-02 10:17:44
16852;201712-02;2018-01-02 00:00:00
16852;201801-01;2018-01-02 15:26:22
16974;201712-02;2018-01-02 00:00:00
16974;201801-01;2018-01-02 16:12:32
17002;;2018-01-02 00:00:00
17069;201712-02;2018-01-02 00:00:00
17069;201801-01;2018-01-02 15:12:43
17069;201801-02;2018-01-16 11:37:53
17069;201802-01;2018-01-30 09:52:27
17076;201805-02;2018-05-11 15:50:36
17096;201712-02;2018-01-02 00:00:00
17096;201801-01;2018-01-02 15:27:52
17096;201801-02;2018-01-16 11:38:41
17096;201802-02;2018-01-30 09:34:29
17096;201803-01;2018-03-08 08:55:23
17096;201803-02;2018-03-20 17:02:10
17096;201804-01;2018-04-03 09:12:51
17096;201804-02;2018-04-16 16:03:47
17096;201805-01;2018-05-02 10:09:51
17106;201802-02;2018-02-20 13:54:53
17141;201712-02;2018-01-02 00:00:00
17141;201801-01;2018-01-02 16:12:33
17141;201801-02;2018-01-16 11:40:06
17141;201802-01;2018-01-30 10:10:20
17141;201802-02;2018-02-19 16:36:16
17237;201712-01;2018-01-02 00:00:00
17237;201801-02;2018-01-15 11:37:49
17237;201802-01;2018-01-29 10:24:14
17237;201802-02;2018-02-19 13:36:07
17237;201803-03;2018-03-07 10:54:21
17237;201803-01;2018-03-07 10:58:37
17237;201803-02;2018-03-19 11:05:55
17237;201804-01;2018-04-02 10:09:03
17237;201804-02;2018-04-16 10:40:32
17237;201805-01;2018-05-02 09:36:58
17248;201803-01;2018-03-05 14:18:43
17274;201708-03;2018-01-02 00:00:00
17275;201708-03;2018-01-02 00:00:00
17304;201712-02;2018-01-02 00:00:00
17304;201801-01;2018-01-02 15:27:53
17304;201801-02;2018-01-16 11:37:55
17304;201802-02;2018-01-30 09:33:05
17304;201803-01;2018-03-08 08:55:25
17304;201803-02;2018-03-20 17:02:12
17304;201804-01;2018-04-03 09:12:54
17304;201804-02;2018-04-16 16:03:48
17304;201805-01;2018-05-02 10:09:54
17349;201710-02;2018-01-02 00:00:00
17359;201712-02;2018-01-02 00:00:00
17359;201801-01;2018-01-02 11:12:21
17359;201801-02;2018-01-16 11:29:41
17359;201802-01;2018-01-30 09:47:30
17359;201802-02;2018-02-19 16:31:07
17359;201803-01;2018-03-07 16:58:25
17359;201803-02;2018-03-15 14:19:31
17359;201804-01;2018-04-03 13:38:38
17359;201804-02;2018-04-16 16:18:02
17359;201804-01;2018-04-17 19:28:02
17359;201804-02;2018-04-18 13:59:33
17359;201805-01;2018-05-02 09:52:24
17404;201712-02;2018-01-02 00:00:00
17404;201801-01;2018-01-02 16:12:34
17404;201802-01;2018-01-15 13:33:12
17404;201802-02;2018-02-19 16:36:17
17428;201802-01;2018-01-29 11:15:25
17428;201802-02;2018-02-19 13:36:14
17428;201803-03;2018-03-07 10:54:27
17428;201803-01;2018-03-07 10:58:43
17428;201803-02;2018-03-19 11:06:01
17428;201804-01;2018-04-02 10:09:09
17428;201804-02;2018-04-16 10:40:38
17428;201805-01;2018-05-02 09:37:04
17439;201712-02;2018-01-02 00:00:00
17439;201801-01;2018-01-02 15:26:23
17524;201712-02;2018-01-02 00:00:00
17524;201801-01;2018-01-02 16:12:35
17524;201803-01;2018-01-10 09:30:35
17524;201803-02;2018-03-20 17:02:55
17524;201804-01;2018-04-02 11:31:43
17524;201804-02;2018-04-16 11:40:39
17524;201805-01;2018-05-02 10:17:47
17536;201801-02;2018-01-03 16:48:23
17536;201802-02;2018-01-29 15:49:52
17536;201803-01;2018-02-19 14:57:45
17536;201803-02;2018-03-07 11:28:27
17536;201804-01;2018-03-16 09:04:06
17536;201804-02;2018-04-16 16:18:04
17536;201805-01;2018-05-02 09:52:26
17657;201802-01;2018-01-29 08:51:28
17674;201801-02;2018-01-16 11:40:08
17674;201802-01;2018-01-30 10:10:23
17674;201802-02;2018-02-19 16:36:19
17674;201803-01;2018-03-07 11:46:09
17674;201803-02;2018-03-20 17:02:56
17674;201804-01;2018-04-02 11:31:44
17674;201804-02;2018-04-16 11:40:40
17674;201805-01;2018-05-02 10:17:50
17675;201801-02;2018-01-16 11:40:09
17675;201802-01;2018-01-30 10:10:24
17675;201802-02;2018-02-19 16:36:20
17675;201803-01;2018-03-07 11:46:10
17675;201803-02;2018-03-20 17:02:57
17675;201804-01;2018-04-02 11:31:45
17675;201804-02;2018-04-16 11:40:41
17675;201805-01;2018-05-02 10:17:52
17677;201801-02;2018-01-16 11:43:51
17677;201802-01;2018-01-30 10:10:26
17677;201802-02;2018-02-19 16:36:22
17677;201803-01;2018-03-07 11:46:11
17677;201803-02;2018-03-20 17:02:58
17677;201804-01;2018-04-02 11:31:46
17677;201804-02;2018-04-16 11:40:42
17677;201805-01;2018-05-02 10:17:54
17680;201712-02;2018-01-02 00:00:00
17683;201712-02;2018-01-02 00:00:00
17683;201801-01;2018-01-02 15:26:24
17683;201801-02;2018-01-16 11:37:57
17683;201802-01;2018-01-30 09:52:29
17683;201802-02;2018-02-19 16:33:04
17692;201802-02;2018-02-16 10:35:47
17692;201803-01;2018-03-07 11:46:13
17692;201803-02;2018-03-20 17:03:00
17692;201804-01;2018-04-02 11:33:03
17701;201805-02;2018-05-11 15:25:09
17702;201712-02;2018-01-02 00:00:00
17702;201801-01;2018-01-02 11:46:08
17702;201801-02;2018-01-16 11:29:43
17702;201802-01;2018-01-30 09:47:31
17702;201802-02;2018-02-19 16:30:03
17702;201803-01;2018-03-07 16:58:27
17702;201803-02;2018-03-20 11:32:01
17702;201804-01;2018-04-03 13:38:40
17702;201804-02;2018-04-16 16:18:05
17702;201805-01;2018-05-02 10:07:37
17703;201712-02;2018-01-02 00:00:00
17703;201801-01;2018-01-02 16:12:37
17708;201801-02;2018-01-16 17:10:04
17717;201805-02;2018-05-11 14:48:56
17728;201712-02;2018-01-02 00:00:00
17728;201801-01;2018-01-02 11:46:09
17746;201802-02;2018-02-20 10:09:03
17749;201801-01;2018-01-02 11:38:42
17749;201801-02;2018-01-16 11:29:44
17749;201802-01;2018-01-29 15:09:10
17749;201802-02;2018-02-19 16:25:35
17749;201803-01;2018-03-07 16:58:31
17749;201803-02;2018-03-20 16:45:24
17749;201804-01;2018-04-03 13:38:43
17749;201804-02;2018-04-16 16:18:08
17749;201805-01;2018-05-02 09:52:28
17763;201712-02;2018-01-02 00:00:00
17763;201801-01;2018-01-02 16:12:38
17763;201801-02;2018-01-16 11:40:11
17763;201802-01;2018-01-30 10:10:27
17788;201804-02;2018-02-20 14:36:15
17788;;2018-05-02 09:44:54
17790;201803-02;2018-02-20 11:31:57
17790;201804-01;2018-03-16 09:04:13
17790;;2018-04-03 14:05:59
17801;201712-02;2018-01-02 00:00:00
17801;201801-01;2018-01-02 16:12:39
17812;201712-02;2018-01-02 00:00:00
17812;201801-01;2018-01-02 11:33:04
17812;201801-02;2018-01-16 11:29:31
17812;201802-01;2018-01-30 09:47:22
17812;201802-02;2018-02-19 16:29:42
17812;201803-01;2018-03-07 16:57:52
17812;201803-02;2018-03-20 16:48:07
17812;201804-01;2018-04-03 13:38:04
17812;201804-02;2018-04-16 16:17:39
17812;201805-01;2018-05-02 09:51:52
17824;201712-02;2018-01-02 00:00:00
17824;201801-01;2018-01-02 11:46:10
17851;201802-02;2018-02-02 11:44:37
17851;201803-01;2018-03-07 11:46:14
17851;201803-02;2018-03-20 17:03:01
17851;201804-01;2018-04-02 11:31:47
17851;201804-02;2018-04-16 10:43:14
17851;201805-01;2018-05-02 10:17:55
17894;201802-02;2018-02-19 16:57:34
17906;201712-02;2018-01-02 00:00:00
17906;201801-01;2018-01-02 11:46:11
17910;201802-01;2018-01-26 11:17:51
17910;201802-02;2018-02-19 16:33:59
17910;201803-01;2018-03-08 08:55:31
17910;201803-02;2018-03-20 17:01:24
17910;201804-01;2018-04-03 09:11:52
17913;201712-02;2018-01-02 00:00:00
17913;201801-01;2018-01-02 11:46:12
17913;201801-02;2018-01-16 11:29:46
17913;201802-01;2018-01-30 09:47:33
17913;201802-02;2018-02-19 16:26:40
17913;201803-01;2018-03-07 16:58:33
17918;201712-02;2018-01-02 00:00:00
17918;201801-01;2018-01-03 07:41:42
17918;201801-02;2018-01-16 11:29:47
17918;201802-01;2018-01-30 09:47:35
17918;201802-02;2018-02-19 16:30:07
17918;201803-01;2018-03-07 16:58:34
17918;201803-02;2018-03-20 16:49:41
17918;201804-01;2018-04-03 13:38:45
17918;201804-02;2018-04-16 16:18:09
17918;201805-01;2018-05-02 09:52:29
17934;201712-02;2018-01-02 00:00:00
17934;201801-01;2018-01-02 16:12:40
17934;201801-02;2018-01-16 11:40:13
17934;201802-01;2018-01-30 10:10:29
17934;201802-02;2018-02-19 16:37:45
17934;201803-01;2018-03-07 11:46:15
17953;201712-02;2018-01-02 00:00:00
17953;201801-02;2018-01-02 11:34:25
17953;201802-01;2018-01-26 17:09:32
17953;201802-02;2018-02-19 16:29:48
17953;201803-01;2018-03-07 16:57:58
17953;201803-02;2018-03-20 16:48:13
17953;201804-01;2018-04-03 13:38:10
17953;201804-02;2018-04-16 16:17:41
17953;201805-01;2018-05-02 09:51:59
17969;201804-01;2018-02-20 09:37:36
17969;;2018-04-03 14:06:06
17984;201801-02;2018-01-15 13:55:04
17984;201802-01;2018-01-30 09:52:31
17985;201712-02;2018-01-02 00:00:00
17985;201801-01;2018-01-02 11:12:27
17985;201801-02;2018-01-16 11:29:49
18003;201801-01;2018-01-08 10:53:01
18003;201801-02;2018-01-16 11:41:07
18003;201802-01;2018-01-30 10:12:04
18015;201710-02;2018-01-02 00:00:00
18027;201801-02;2018-01-04 15:52:37
18027;201802-01;2018-01-29 15:52:55
18032;201802-01;2018-01-26 14:33:51
18032;201802-02;2018-02-19 16:34:41
18044;201801-01;2018-01-08 10:52:19
18044;201801-02;2018-01-16 11:40:17
18044;201802-01;2018-01-30 10:10:34
18096;201804-02;2018-02-20 13:56:36
18096;;2018-05-02 09:45:01
18101;201712-02;2018-01-02 00:00:00
18101;201801-01;2018-01-02 15:26:15
18101;201801-02;2018-01-16 11:37:45
18101;201802-01;2018-01-30 09:52:21
18101;201802-02;2018-02-19 16:33:01
18101;201803-01;2018-03-07 12:02:38
18101;201803-02;2018-03-20 17:03:55
18101;201804-01;2018-04-02 11:33:02
18101;201804-02;2018-04-16 11:40:31
18101;201805-01;2018-05-02 10:17:39
18109;201801-01;2018-01-02 13:46:40
18119;201710-02;2018-01-02 00:00:00
18123;201804-01;2018-04-02 11:49:47
18123;201804-02;2018-04-16 11:40:43
18123;201805-01;2018-05-02 10:17:57
18124;201801-02;2018-01-15 13:54:21
18127;201802-01;2018-01-29 11:09:59
18127;201802-02;2018-02-19 11:09:46
18127;201803-03;2018-03-07 10:54:28
18127;201803-01;2018-03-07 10:58:44
18136;201712-02;2018-01-02 00:00:00
18136;201801-01;2018-01-02 11:38:43
18136;;2018-01-15 16:28:54
18149;201712-02;2018-01-02 00:00:00
18149;201801-01;2018-01-02 11:12:28
18149;201801-02;2018-01-16 11:29:50
18149;201802-01;2018-01-30 09:48:55
18149;201802-02;2018-02-19 16:26:46
18149;201803-01;2018-03-07 16:58:35
18149;201803-02;2018-03-20 16:50:36
18149;201804-01;2018-04-03 13:38:46
18149;201804-02;2018-04-16 16:18:10
18149;201805-01;2018-05-02 09:52:30
18152;201801-02;2018-01-15 13:53:40
18152;201802-01;2018-01-26 11:15:01
18155;201712-02;2018-01-02 00:00:00
18172;201802-02;2018-02-16 11:25:56
18177;201804-02;2018-04-06 10:11:34
18177;201805-01;2018-05-02 10:17:59
18192;201712-02;2018-01-02 00:00:00
18192;201801-01;2018-01-02 16:12:41
18192;201801-02;2018-01-16 11:40:15
18192;201802-01;2018-01-30 10:10:32
18192;201802-02;2018-02-19 16:36:23
18192;201803-01;2018-03-07 11:46:16
18192;201803-02;2018-03-20 17:03:03
18192;201804-01;2018-04-02 11:31:48
18201;201712-02;2018-01-02 00:00:00
18201;201801-01;2018-01-02 11:46:13
18246;;2018-01-02 00:00:00
18246;201804-02;2018-04-25 09:55:23
18269;201801-02;2018-01-02 14:36:55
18269;201802-01;2018-01-15 10:41:25
18269;201802-02;2018-01-29 11:12:37
18269;201803-01;2018-02-19 14:57:52
18269;201803-02;2018-03-07 11:28:33
18269;201804-01;2018-03-16 09:04:14
18269;;2018-04-03 14:06:07
18285;201712-02;2018-01-02 00:00:00
18285;201801-01;2018-01-02 15:26:25
18288;201712-02;2018-01-02 00:00:00
18288;201801-01;2018-01-02 15:26:26
18290;201712-02;2018-01-02 00:00:00
18290;201801-01;2018-01-02 10:08:05
18290;201801-02;2018-01-15 11:50:45
18290;201802-01;2018-01-29 10:30:42
18290;201802-02;2018-02-19 13:36:15
18290;201803-03;2018-03-07 10:54:29
18290;201803-01;2018-03-07 10:58:45
18291;201801-01;2018-01-10 10:22:19
18291;201801-02;2018-01-16 11:40:19
18291;201802-01;2018-01-30 10:10:35
18292;201712-02;2018-01-02 00:00:00
18292;201801-01;2018-01-02 16:12:43
18292;201801-02;2018-01-16 11:40:20
18294;201712-02;2018-01-02 00:00:00
18294;201801-01;2018-01-02 11:46:14
18294;;2018-01-16 11:26:10
18298;201801-01;2018-01-02 00:00:00
18298;201801-02;2018-01-16 08:19:57
18298;201802-01;2018-01-30 09:47:37
18298;201802-02;2018-02-19 16:30:09
18298;201803-01;2018-03-07 16:58:37
18298;201803-02;2018-03-20 16:50:38
18298;201804-01;2018-04-03 13:38:48
18298;201804-02;2018-04-16 16:18:12
18313;201712-02;2018-01-02 00:00:00
18313;201801-01;2018-01-02 15:26:28
18313;201801-02;2018-01-16 11:37:59
18313;201802-01;2018-01-30 09:52:32
18313;201802-02;2018-02-19 16:34:42
18313;201803-01;2018-03-08 08:55:33
18313;201803-02;2018-03-20 17:01:25
18313;201804-01;2018-04-03 09:11:53
18328;201801-01;2018-01-02 11:31:13
18329;201712-02;2018-01-02 00:00:00
18329;201801-01;2018-01-02 16:12:44
18329;201801-02;2018-01-16 11:40:22
18329;201802-01;2018-01-30 10:10:37
18329;201802-02;2018-02-19 16:37:46
18329;201803-01;2018-03-07 11:46:18
18329;201803-02;2018-03-20 17:03:04
18329;201804-01;2018-04-02 11:31:49
18329;201804-02;2018-04-16 11:40:45
18329;201805-01;2018-05-02 10:18:00
18340;201712-02;2018-01-02 00:00:00
18340;201801-01;2018-01-02 11:12:29
18340;201801-02;2018-01-16 11:29:52
18340;201802-01;2018-01-30 09:48:57
18340;201802-02;2018-02-19 16:26:47
18340;201803-01;2018-03-07 16:58:40
18347;201802-01;2018-01-29 11:39:34
18347;201802-02;2018-02-19 16:28:20
18347;201803-01;2018-03-07 16:58:42
18347;201803-02;2018-03-19 08:42:51
18347;201804-01;2018-04-03 13:38:52
18347;201804-02;2018-04-16 16:18:15
18347;201805-01;2018-04-30 16:20:10
18353;201711-02;2018-01-02 00:00:00
18354;201802-01;2018-01-26 17:11:51
18354;201802-02;2018-02-19 16:29:50
18354;201803-01;2018-03-07 16:58:00
18354;201803-02;2018-03-20 16:48:14
18354;201804-01;2018-04-03 13:38:12
18354;201804-02;2018-04-16 16:17:42
18354;201805-01;2018-05-02 09:52:01
18360;201802-01;2018-01-26 17:09:14
18360;201802-02;2018-02-19 16:29:51
18360;201803-01;2018-03-07 16:58:01
18360;201803-02;2018-03-20 16:45:13
18360;201804-01;2018-04-03 13:38:14
18360;201804-02;2018-04-16 16:17:43
18360;201805-01;2018-05-02 09:52:02
18361;201802-01;2018-01-26 17:08:58
18361;201802-02;2018-02-19 16:29:53
18361;201803-01;2018-03-07 16:58:02
18361;201803-02;2018-03-20 16:45:14
18361;201804-01;2018-04-03 13:38:15
18361;201804-02;2018-04-16 16:17:45
18361;201805-01;2018-05-02 09:52:04
18362;201802-01;2018-01-26 17:08:43
18362;201802-02;2018-02-19 16:29:55
18362;201803-01;2018-03-07 16:58:04
18362;201803-02;2018-03-20 16:45:15
18362;201804-01;2018-04-03 13:38:17
18362;201804-02;2018-04-16 16:17:46
18362;201805-01;2018-05-02 09:52:05
18363;201802-01;2018-01-26 17:08:25
18363;201802-02;2018-02-19 16:29:56
18363;201803-01;2018-03-07 16:58:05
18363;201803-02;2018-03-20 16:48:16
18363;201804-01;2018-04-03 13:38:19
18363;201804-02;2018-04-16 16:17:47
18363;201805-01;2018-05-02 09:52:07
18364;201802-01;2018-01-26 17:08:08
18364;201802-02;2018-02-19 16:29:58
18364;201803-01;2018-03-07 16:58:06
18364;201803-02;2018-03-20 16:48:17
18364;201804-01;2018-04-03 13:38:20
18364;201804-02;2018-04-16 16:17:49
18364;201805-01;2018-05-02 09:52:09
18365;201802-02;2018-02-19 13:49:34
18365;201803-01;2018-03-07 16:58:08
18365;201803-02;2018-03-20 16:45:16
18365;201804-01;2018-04-03 13:38:22
18365;201804-02;2018-04-16 16:17:50
18365;201805-01;2018-05-02 09:52:10
18366;201802-02;2018-02-19 13:49:40
18366;201803-01;2018-03-07 16:58:09
18367;201802-02;2018-02-19 13:49:41
18367;201803-01;2018-03-07 16:58:10
18367;201803-02;2018-03-20 16:45:18
18367;201804-01;2018-04-03 13:38:24
18367;201804-02;2018-04-16 16:17:51
18367;201805-01;2018-05-02 09:52:12
18368;201802-01;2018-01-26 17:07:44
18368;201802-02;2018-02-19 16:29:59
18368;201803-01;2018-03-07 16:58:11
18368;201803-02;2018-03-20 16:48:19
18368;201804-01;2018-04-03 13:38:26
18368;201804-02;2018-04-16 16:17:53
18368;201805-01;2018-05-02 09:52:13
18369;201802-02;2018-02-19 13:49:42
18370;201802-02;2018-02-19 13:49:43
18370;201803-01;2018-03-07 16:58:13
18370;201803-02;2018-03-20 16:45:19
18370;201804-01;2018-04-03 13:38:27
18370;201804-02;2018-04-16 16:17:54
18370;201805-01;2018-05-02 09:52:15
18371;201802-02;2018-02-19 13:49:45
18371;201803-01;2018-03-07 16:58:14
18371;201803-02;2018-03-20 16:45:20
18371;201804-01;2018-04-03 13:38:29
18371;201804-02;2018-04-16 16:17:55
18371;201805-01;2018-05-02 09:52:17
18372;201802-02;2018-02-19 13:49:46
18372;201803-01;2018-03-07 16:58:16
18372;201803-02;2018-03-20 16:45:22
18372;201804-01;2018-04-03 13:38:31
18372;201804-02;2018-04-16 16:17:57
18372;201805-01;2018-05-02 09:52:18
18388;201712-02;2018-01-02 00:00:00
18388;201801-01;2018-01-02 16:12:45
18388;201802-01;2018-01-15 13:33:14
18388;201802-02;2018-02-19 16:36:25
18409;201712-02;2018-01-02 00:00:00
18409;201801-01;2018-01-02 10:08:05
18410;201712-02;2018-01-02 00:00:00
18410;201801-01;2018-01-02 10:08:06
18411;201712-02;2018-01-02 00:00:00
18411;201801-01;2018-01-02 10:08:08
18422;201803-01;2018-03-07 15:18:42
18422;201803-02;2018-03-20 16:45:25
18427;201712-02;2018-01-02 00:00:00
18427;201801-01;2018-01-02 11:38:44
18427;201801-02;2018-01-16 08:19:58
18427;201802-01;2018-01-30 09:47:40
18432;201801-02;2018-01-22 10:55:58
18432;201802-01;2018-01-30 09:47:41
18432;201802-02;2018-02-16 09:42:34
18432;201803-01;2018-03-07 16:58:43
18432;201803-02;2018-03-20 16:49:43
18432;201804-01;2018-04-03 13:38:54
18432;201804-02;2018-04-16 16:18:16
18432;201805-01;2018-04-30 16:20:11
18438;;2018-01-02 11:53:16
18465;201802-01;2018-01-29 11:09:26
18465;201802-02;2018-02-19 13:36:16
18465;201803-03;2018-03-07 10:54:30
18465;201803-01;2018-03-07 10:58:46
18465;201803-02;2018-04-02 09:45:52
18465;201804-01;2018-04-02 10:09:10
18465;201804-02;2018-04-16 10:40:39
18465;201805-01;2018-05-02 09:37:05
18468;201712-02;2018-01-02 00:00:00
18468;201801-01;2018-01-02 11:12:30
18468;201801-02;2018-01-16 11:29:54
18468;201802-01;2018-01-30 09:47:43
18468;201802-02;2018-02-19 16:31:10
18468;201803-01;2018-03-07 16:58:45
18468;201803-02;2018-03-20 16:50:40
18468;201804-01;2018-04-03 13:38:55
18469;201712-02;2018-01-02 00:00:00
18469;201801-01;2018-01-02 11:12:31
18469;201801-02;2018-01-16 11:29:55
18469;201802-01;2018-01-30 09:47:45
18469;201802-02;2018-02-19 16:31:12
18469;201803-01;2018-03-07 16:58:46
18469;201803-02;2018-03-20 16:50:41
18469;201804-01;2018-04-03 13:38:57
18473;201802-01;2018-02-15 13:50:36
18473;201802-02;2018-02-19 11:13:09
18474;;2018-01-02 11:53:22
18491;201805-01;2018-04-30 14:14:12
18507;201712-02;2018-01-02 00:00:00
18507;201801-01;2018-01-02 15:26:17
18507;201801-02;2018-01-16 11:37:47
18507;201802-01;2018-01-30 09:52:23
18507;201802-02;2018-02-19 16:33:02
18507;201803-01;2018-03-08 08:55:19
18507;201803-02;2018-03-20 17:01:17
18507;201804-01;2018-04-03 09:11:48
18507;201804-02;2018-04-16 16:03:45
18507;201805-01;2018-05-02 10:09:49
18513;201712-02;2018-01-02 00:00:00
18518;201712-02;2018-01-02 00:00:00
18518;201801-01;2018-01-02 11:40:41
18519;201712-02;2018-01-02 00:00:00
18519;201801-01;2018-01-02 15:26:29
18519;201801-02;2018-01-16 11:38:01
18519;201802-01;2018-01-30 09:52:34
18520;201802-01;2018-01-26 11:39:01
18520;201802-02;2018-02-19 16:33:05
18520;201803-02;2018-03-05 09:33:17
18520;201804-01;2018-03-16 15:40:29
18520;201804-02;2018-04-02 13:49:44
18520;201805-01;2018-05-02 10:10:04
18524;201802-01;2018-01-26 11:40:21
18524;201802-02;2018-02-19 16:34:44
18524;201803-01;2018-03-08 08:55:34
18533;201712-02;2018-01-02 00:00:00
18533;201801-01;2018-01-02 11:38:45
18533;201801-02;2018-01-15 16:30:31
18533;201802-01;2018-01-29 15:53:02
18533;201802-02;2018-02-19 14:13:36
18533;201803-01;2018-03-07 16:58:48
18533;201803-02;2018-03-20 16:48:24
18533;201804-01;2018-04-03 13:38:59
18533;201804-02;2018-04-16 16:18:17
18533;201805-01;2018-05-02 09:52:32
18544;201803-02;2018-03-19 11:12:34
18544;201804-01;2018-04-02 10:09:11
18544;201804-02;2018-04-16 10:40:40
18544;;2018-05-02 09:38:34
18557;201802-01;2018-01-29 11:03:14
18561;201802-02;2018-03-01 10:54:24
18568;201802-02;2018-02-26 07:51:29
18568;201803-01;2018-03-07 11:46:19
18571;201712-02;2018-01-02 00:00:00
18571;201801-01;2018-01-02 11:12:32
18571;201801-02;2018-01-16 11:29:57
18571;201802-01;2018-01-30 09:47:46
18571;201802-02;2018-02-19 16:27:30
18571;201803-01;2018-03-07 16:58:49
18598;201712-01;2018-02-20 15:14:34
18599;201712-02;2018-01-02 00:00:00
18599;201801-01;2018-01-02 15:26:30
18599;201801-02;2018-01-16 11:38:03
18599;201802-01;2018-01-30 09:52:36
18599;201802-02;2018-02-19 16:34:45
18599;201803-01;2018-03-05 17:05:23
18599;201803-02;2018-03-20 17:01:26
18599;201804-01;2018-04-03 09:11:54
18599;201804-02;2018-04-16 16:03:56
18599;201805-01;2018-05-02 10:10:06
18603;201712-02;2018-01-02 00:00:00
18611;201802-01;2018-01-29 11:02:36
18611;201802-02;2018-02-19 11:09:52
18611;201803-02;2018-03-01 17:52:28
18612;201801-01;2018-01-02 00:00:00
18612;201801-02;2018-01-15 10:29:24
18612;201802-01;2018-01-30 09:47:48
18641;201802-01;2018-01-29 14:59:00
18641;201802-02;2018-02-19 16:30:13
18641;201803-01;2018-03-07 16:58:51
18641;201803-02;2018-03-20 10:42:37
18641;201804-01;2018-04-03 13:39:01
18641;201804-02;2018-04-16 16:18:19
18641;201805-01;2018-05-02 09:52:33
18660;201803-01;2018-02-27 11:07:45
18660;201803-02;2018-03-20 11:32:02
18660;201804-01;2018-04-02 11:33:04
18665;201801-01;2018-01-02 00:00:00
18665;201801-02;2018-01-15 10:28:52
18665;201802-01;2018-01-30 09:48:59
18666;201801-02;2018-01-17 12:39:33
18666;201802-01;2018-01-29 10:31:13
18666;201802-02;2018-02-19 13:36:17
18666;201803-03;2018-03-07 10:54:31
18666;201803-01;2018-03-07 10:58:47
18666;201803-02;2018-04-02 09:44:55
18666;201804-01;2018-04-02 10:09:12
18666;201804-02;2018-04-16 10:40:41
18666;201805-01;2018-05-02 09:37:06
18669;2018-01;2018-01-09 13:59:22
18672;201801-01;2018-01-02 16:12:46
18672;201801-02;2018-01-16 11:40:24
18673;201712-01;2018-01-02 00:00:00
18682;201801-01;2018-01-02 11:46:15
18687;201712-02;2018-01-02 00:00:00
18687;201801-01;2018-01-03 07:41:48
18699;201802-01;2018-01-29 11:01:21
18699;201802-02;2018-02-19 13:36:18
18699;201803-03;2018-03-07 10:54:32
18699;201803-01;2018-03-07 10:58:49
18699;201803-02;2018-03-16 16:25:36
18699;201804-01;2018-04-02 10:09:13
18699;201804-02;2018-04-16 10:40:42
18699;201805-01;2018-05-02 09:37:07
18716;201802-01;2018-01-15 16:45:37
18716;201802-02;2018-01-29 11:09:08
18716;201803-01;2018-03-07 16:58:52
18716;201803-02;2018-03-20 16:45:26
18716;201804-01;2018-04-03 13:39:02
18716;201804-02;2018-04-16 16:18:20
18716;201805-01;2018-05-02 09:52:35
18724;201801-02;2018-01-19 13:12:49
18724;201802-01;2018-01-30 09:47:50
18724;201802-02;2018-02-19 16:31:13
18724;201803-01;2018-03-07 16:58:54
18724;201803-02;2018-03-20 16:50:42
18724;201804-01;2018-04-03 09:11:56
18724;201804-02;2018-04-16 16:03:58
18724;201805-01;2018-05-02 09:52:36
18727;201712-02;2018-01-02 00:00:00
18727;201801-01;2018-01-02 15:27:54
18734;201712-02;2018-01-02 00:00:00
18734;201801-01;2018-01-02 11:46:16
18739;201801-01;2018-01-02 13:46:10
18739;201801-02;2018-01-16 11:38:05
18739;201802-01;2018-01-30 09:52:38
18739;201802-02;2018-02-19 16:33:06
18770;201804-01;2018-04-04 11:00:47
18784;201712-02;2018-01-02 00:00:00
18784;201801-01;2018-01-02 10:08:09
18791;201712-02;2018-01-02 00:00:00
18791;201801-01;2018-01-02 11:46:17
18791;201801-02;2018-01-16 08:19:59
18791;201802-01;2018-01-30 09:49:01
18791;201802-02;2018-02-19 16:31:15
18795;201802-02;2018-02-23 14:16:00
18803;201801-02;2018-01-16 10:31:07
18804;201712-02;2018-01-02 00:00:00
18804;201801-01;2018-01-02 15:27:55
18809;201803-01;2018-03-05 09:30:09
18809;201803-02;2018-03-20 17:01:27
18809;201804-01;2018-04-03 09:11:57
18809;201804-02;2018-04-16 16:03:59
18809;201805-01;2018-05-02 10:10:09
18810;201801-01;2018-01-09 14:51:50
18810;201801-02;2018-01-16 11:29:59
18810;201802-01;2018-01-30 09:47:51
18810;201802-02;2018-02-19 16:27:32
18811;201802-1;2018-01-30 09:03:22
18812;201801-01;2018-01-02 10:13:53
18812;201801-02;2018-01-15 16:56:26
18812;201802-01;2018-01-30 09:47:53
18812;201802-02;2018-02-19 16:31:17
18813;201801-01;2018-01-02 10:08:10
18813;201801-02;2018-01-15 11:50:51
18813;201802-01;2018-01-29 10:26:53
18813;201802-02;2018-02-19 13:36:19
18819;201802-01;2018-01-17 14:07:41
18819;201802-02;2018-02-16 09:42:40
18819;201803-01;2018-03-07 16:58:55
18819;201803-02;2018-03-20 16:50:44
18819;201804-01;2018-04-03 13:39:04
18819;201804-02;2018-04-16 16:18:21
18821;201712-02;2018-01-02 00:00:00
18821;201801-01;2018-01-02 11:38:46
18822;;2018-01-16 09:22:48
18825;201801-02;2018-01-25 09:07:20
18831;201802-01;2018-02-16 15:48:13
18831;201802-02;2018-02-19 16:38:39
18841;201712-02;2018-02-06 14:49:55
18841;201712-01;2018-02-06 14:50:20
18844;201801-01;2018-01-05 11:43:34
18844;201802-01;2018-01-15 16:49:12
18844;201802-02;2018-01-29 11:02:15
18844;201803-01;2018-02-19 14:57:53
18844;201803-02;2018-03-07 11:28:34
18844;201804-01;2018-03-16 09:04:15
18844;201804-02;2018-04-16 16:18:22
18844;;2018-05-02 09:43:18
18852;201801-01;2018-01-02 16:12:48
18852;201801-02;2018-01-16 11:40:26
18852;201802-01;2018-01-30 10:10:38
18852;201802-02;2018-02-19 16:36:26
18860;201802-02;2018-02-02 08:40:11
18860;201803-01;2018-03-07 16:58:57
18868;201801-02;2018-01-03 17:04:53
18868;201801-01;2018-01-03 17:05:53
18868;201801-02;2018-01-16 11:40:28
18868;201802-01;2018-01-30 10:10:40
18868;201802-02;2018-02-19 16:37:08
18868;201803-01;2018-03-07 12:02:40
18868;201803-02;2018-03-20 17:03:05
18868;201804-01;2018-04-02 11:33:05
18871;201801-01;2018-01-03 17:04:14
18871;201801-02;2018-01-16 11:40:30
18871;201802-01;2018-01-30 10:11:03
18871;201802-02;2018-02-19 16:37:10
18871;201803-01;2018-03-07 12:02:42
18871;201803-02;2018-03-20 17:03:07
18871;201804-01;2018-04-02 11:33:07
18880;2018-01;2018-01-02 00:00:00
18886;201801-02;2018-01-15 10:30:02
18886;201802-01;2018-01-30 09:47:38
18886;201802-02;2018-02-19 16:30:11
18886;201803-01;2018-03-07 16:58:39
18886;201803-02;2018-03-20 16:50:39
18886;201804-01;2018-04-03 13:38:50
18886;201804-02;2018-04-16 16:18:13
18893;201804-01;2018-03-19 16:12:22
18893;201805-01;2018-04-12 12:32:20
18911;201801-01;2018-01-02 00:00:00
18911;201801-02;2018-01-15 16:43:17
18911;201802-01;2018-01-29 15:53:03
18911;201802-02;2018-02-19 14:14:53
18911;201803-01;2018-03-07 16:58:58
18911;;2018-03-19 15:43:02
18915;;2018-01-02 11:53:25
18916;201801-02;2018-01-15 16:32:56
18916;201802-01;2018-01-29 15:53:04
18916;201802-02;2018-02-19 14:12:15
18916;201803-01;2018-03-07 16:59:00
18916;201803-02;2018-03-20 16:45:27
18916;201804-01;2018-04-03 13:39:05
18916;201804-02;2018-04-16 16:18:24
18916;201805-01;2018-05-02 09:52:38
18917;;2018-01-02 11:53:26
18920;201801-01;2018-01-02 00:00:00
18924;201801-01;2018-01-02 14:53:10
18924;201801-02;2018-01-15 11:50:52
18936;201801-02;2018-01-02 14:54:36
18936;201802-01;2018-01-15 11:49:02
18937;201801-01;2018-01-02 14:55:17
18937;201801-02;2018-01-15 11:50:53
18941;201801-02;2018-01-15 16:48:43
18941;201802-01;2018-01-29 15:53:05
18941;201802-02;2018-01-30 13:44:25
18941;201803-01;2018-02-19 14:57:54
18941;201802-02;2018-02-26 11:22:01
18941;201803-01;2018-03-07 16:59:01
18942;201712-02;2018-01-02 00:00:00
18942;201801-01;2018-01-02 11:12:34
18942;201801-02;2018-01-16 11:30:39
18942;201802-01;2018-01-30 09:49:03
18942;201802-02;2018-02-19 16:31:19
18944;201801-01;2018-01-02 14:55:40
18944;201801-02;2018-01-15 11:50:54
18957;201712-02;2018-01-02 08:43:49
18957;201801-01;2018-01-02 08:45:02
18962;201802-02;2018-02-19 10:58:43
18965;201801-01;2018-01-02 15:16:07
18970;201801-02;2018-01-16 11:29:33
18971;201801-02;2018-01-16 11:29:34
18973;201801-02;2018-01-16 11:29:36
18974;201801-02;2018-01-16 11:29:37
18975;201801-02;2018-01-16 11:29:38
18976;201801-02;2018-01-16 11:29:40
18979;201802-01;2018-01-29 12:34:58
18979;201802-02;2018-02-19 14:18:00
18979;;2018-03-07 16:32:24
18980;201802-01;2018-01-29 12:39:32
18980;201802-02;2018-02-19 14:18:07
18980;;2018-03-07 16:32:30
18988;201801-01;2018-01-03 10:15:10
18991;201801-01;2018-01-03 11:12:25
18991;201801-02;2018-01-15 15:03:29
18991;201802-01;2018-01-30 09:47:55
18991;201802-02;2018-02-19 16:30:14
18991;201803-01;2018-03-07 16:59:02
18991;201803-02;2018-03-20 16:49:44
18991;201804-01;2018-04-03 13:39:07
18991;201804-02;2018-04-16 16:18:25
18995;201803-01;2018-03-05 09:10:35
18995;201803-02;2018-03-20 17:01:28
18995;201804-01;2018-04-03 09:11:58
18996;201801-01;2018-01-03 10:17:33
18998;201801-01;2018-01-03 09:26:34
18998;201801-02;2018-01-16 11:38:07
18998;201802-01;2018-01-30 09:52:40
18998;201802-02;2018-02-19 16:34:47
18999;201802-01;2018-01-29 14:58:13
19010;201802-01;2018-01-26 11:36:48
19010;201802-02;2018-02-19 16:33:08
19010;201803-01;2018-03-08 08:55:36
19010;201803-02;2018-03-20 17:01:30
19010;201804-01;2018-04-03 09:11:59
19010;201804-02;2018-04-16 16:04:00
19010;201805-01;2018-04-17 13:57:45
19014;201803-01;2018-02-20 10:17:45
19014;201803-02;2018-03-07 11:28:35
19014;201804-01;2018-03-16 09:04:16
19014;201804-02;2018-04-16 16:18:26
19014;201805-01;2018-05-02 09:52:40
19016;201801-02;2018-01-10 10:31:03
19016;201802-01;2018-01-30 09:47:57
19016;201802-02;2018-02-19 16:31:21
19016;201803-01;2018-03-07 16:59:04
19016;201803-02;2018-03-20 16:50:45
19016;201804-01;2018-04-03 09:38:23
19016;201804-02;2018-04-16 16:18:28
19016;201805-01;2018-05-02 09:52:41
19027;201802-01;2018-01-30 16:00:38
19028;201801-02;2018-01-04 10:34:03
19028;201802-01;2018-01-15 10:40:30
19038;201802-01;2018-01-29 10:19:48
19041;201801-02;2018-01-15 10:30:38
19041;201802-01;2018-01-25 15:43:18
19041;201802-02;2018-02-16 09:42:42
19041;201803-02;2018-03-02 16:38:08
19041;201804-01;2018-03-19 13:24:40
19041;201804-02;2018-04-16 16:18:29
19044;201801-01;2018-01-05 11:21:49
19044;201801-02;2018-01-16 11:40:32
19044;201802-01;2018-01-30 10:11:05
19058;201801-02;2018-01-26 10:30:47
19058;201802-01;2018-01-30 09:49:05
19061;201801-01;2018-01-05 15:54:26
19064;201801-02;2018-01-05 15:53:59
19064;201802-02;2018-01-29 15:49:53
19064;201803-02;2018-03-05 10:18:01
19064;201804-01;2018-04-03 13:39:08
19064;201804-02;2018-04-16 16:18:30
19064;;2018-05-02 09:43:24
19068;201801-02;2018-01-05 15:54:05
19068;201802-02;2018-01-29 15:49:54
19068;201803-02;2018-03-05 10:21:00
19068;201804-01;2018-04-03 13:39:10
19068;201804-02;2018-04-16 16:18:31
19068;;2018-05-02 09:43:25
19079;201801-01;2018-01-08 14:13:13
19079;201801-02;2018-01-16 08:20:00
19079;201802-01;2018-01-30 09:49:07
19079;201802-02;2018-02-16 09:41:17
19079;201803-01;2018-03-07 16:59:05
19079;201803-02;2018-03-20 16:50:45
19080;201802-01;2018-01-25 15:43:19
19080;201802-02;2018-02-16 09:42:43
19080;201803-02;2018-02-28 10:24:16
19080;201804-01;2018-03-19 13:24:47
19080;;2018-04-02 14:08:48
19081;;2018-01-25 15:42:20
19083;201801-01;2018-01-08 15:34:54
19085;201804-01;2018-04-02 11:43:04
19085;201804-02;2018-04-16 11:40:46
19085;201805-01;2018-05-02 10:18:01
19094;201802-01;2018-01-30 14:01:05
19094;201802-02;2018-02-19 16:36:28
19098;201802-01;2018-01-09 14:05:50
19100;201801-01;2018-01-09 15:17:02
19103;201801-02;2018-01-09 15:15:05
19105;2018-01;2018-01-09 14:36:01
19109;201802-02;2018-02-28 10:59:26
19109;201803-01;2018-03-07 16:59:07
19109;201803-02;2018-03-20 16:49:45
19109;201804-01;2018-04-03 13:39:12
19116;201802-01;2018-01-30 09:49:09
19116;201802-02;2018-02-16 09:42:44
19116;201803-01;2018-03-07 16:59:08
19116;201803-02;2018-03-20 16:50:47
19116;201804-01;2018-04-03 13:39:13
19116;201804-02;2018-04-16 16:18:33
19116;201805-01;2018-04-30 16:20:12
19117;201801-01;2018-01-11 11:20:55
19119;201801-01;2018-01-10 15:24:35
19121;201801-01;2018-01-10 14:18:05
19121;201801-02;2018-01-16 11:40:34
19123;201801-01;2018-01-11 09:18:51
19123;201801-02;2018-01-16 11:40:35
19130;201801-01;2018-01-12 10:22:25
19137;201801-01;2018-01-11 11:23:59
19140;201801-02;2018-01-26 15:16:20
19141;201801-01;2018-01-12 14:43:37
19148;201801-01;2018-01-12 10:21:31
19148;201801-02;2018-01-16 11:30:00
19148;201802-01;2018-01-30 09:47:58
19148;201802-02;2018-02-19 16:27:33
19148;201803-01;2018-03-07 16:59:10
19148;201803-02;2018-03-20 10:45:43
19155;201804-01;2018-03-21 10:23:47
19155;201804-02;2018-04-16 10:43:15
19159;201805-02;2018-05-11 14:47:57
19164;201802-01;2018-01-29 10:39:32
19164;201802-02;2018-02-19 13:36:20
19164;201803-03;2018-03-07 10:54:33
19164;201803-01;2018-03-07 10:58:50
19164;201803-02;2018-03-16 16:59:37
19164;201804-01;2018-04-02 10:09:14
19164;201804-02;2018-04-16 10:40:43
19164;201805-01;2018-05-02 09:37:08
19168;201804-02;2018-02-19 16:50:35
19168;201803-02;2018-03-15 09:13:37
19168;201804-01;2018-04-03 13:39:15
19168;201804-02;2018-04-16 16:18:34
19168;;2018-05-02 09:43:27
19170;201802-01;2018-01-26 11:28:20
19170;201802-02;2018-02-19 16:33:09
19174;201801-02;2018-01-16 09:02:19
19174;201802-01;2018-01-30 09:49:11
19174;201802-02;2018-02-19 16:31:22
19174;201803-01;2018-03-07 16:59:11
19174;201803-02;2018-03-20 16:50:48
19174;201804-01;2018-04-03 09:12:01
19174;201804-02;2018-04-16 16:04:01
19184;201801-02;2018-01-16 11:21:06
19186;201801-02;2018-01-16 15:43:25
19193;201801-02;2018-01-16 16:49:34
19198;201801-02;2018-01-17 10:12:59
19200;201802-01;2018-01-29 08:53:01
19200;201802-02;2018-02-19 16:28:22
19200;201803-01;2018-03-07 16:59:13
19200;201803-02;2018-03-20 16:50:49
19200;201804-01;2018-04-03 13:39:17
19200;201804-02;2018-04-16 16:18:36
19200;201805-01;2018-04-30 16:20:13
19202;201801-02;2018-01-22 14:49:06
19208;201804-01;2018-02-20 13:50:12
19208;201804-02;2018-04-16 16:18:37
19208;;2018-05-02 09:43:28
19210;201802-01;2018-01-29 14:56:33
19210;201802-02;2018-02-19 16:27:34
19210;201803-01;2018-03-07 16:59:14
19214;201801-02;2018-01-18 10:05:24
19214;201802-01;2018-01-29 15:53:06
19214;201802-02;2018-02-19 14:15:21
19214;201803-01;2018-03-07 16:59:16
19215;201801-02;2018-01-19 11:22:34
19217;201801-02;2018-01-18 15:56:20
19218;201802-01;2018-01-18 10:06:22
19218;201802-02;2018-01-29 11:11:19
19218;201803-01;2018-02-19 14:57:55
19218;;2018-02-20 11:30:09
19225;201802-02;2018-01-30 13:44:37
19225;201803-01;2018-02-19 14:57:56
19225;201803-02;2018-03-07 11:36:14
19225;201804-01;2018-04-03 13:39:18
19225;201804-02;2018-04-16 16:18:38
19225;;2018-05-02 09:43:29
19226;201801-02;2018-01-22 08:55:16
19227;201801-01;2018-01-24 14:38:59
19227;201801-02;2018-01-24 14:57:12
19227;201802-01;2018-01-30 09:52:42
19227;201802-02;2018-02-19 16:33:11
19228;201801-02;2018-01-24 10:38:24
19228;201802-01;2018-01-30 09:49:13
19233;201801-02;2018-01-19 11:20:42
19236;201802-02;2018-01-30 09:36:43
19236;201803-01;2018-03-07 12:02:43
19236;201803-02;2018-03-20 17:03:57
19236;201804-01;2018-04-02 11:33:08
19238;201802-02;2018-01-29 11:12:30
19238;201803-01;2018-02-19 14:57:57
19238;201803-02;2018-03-07 11:28:35
19238;201804-01;2018-04-03 13:39:20
19238;201804-02;2018-04-16 16:18:40
19238;;2018-05-02 09:43:31
19242;201802-01;2018-01-26 12:09:01
19242;201802-02;2018-02-19 16:36:29
19242;201803-01;2018-03-07 12:02:44
19242;201803-02;2018-03-20 17:03:59
19242;201804-01;2018-04-02 11:33:09
19242;201804-02;2018-04-16 11:40:47
19242;201805-01;2018-05-02 10:18:03
19248;201802-02;2018-01-29 13:23:46
19250;201801-02;2018-01-22 09:17:14
19251;201802-01;2018-01-22 13:50:02
19254;201801-02;2018-01-23 17:43:23
19259;201803-02;2018-03-21 10:22:38
19259;201804-01;2018-04-02 11:33:10
19259;;2018-04-04 09:07:46
19260;201803-02;2018-03-16 15:33:11
19260;201804-01;2018-04-03 09:12:02
19260;201804-02;2018-04-16 14:07:52
19260;201805-01;2018-05-02 10:10:10
19263;201801-02;2018-01-22 14:49:01
19265;201801-02;2018-01-25 10:17:26
19265;201802-01;2018-01-30 09:49:15
19265;201802-02;2018-02-19 16:31:25
19267;201801-02;2018-01-23 09:03:50
19267;201802-01;2018-01-30 10:11:07
19269;201801-02;2018-01-25 11:15:49
19270;201803-02;2018-03-16 15:34:06
19270;201804-01;2018-04-03 09:12:04
19270;201804-02;2018-04-16 14:07:58
19270;201805-01;2018-05-02 10:10:11
19275;201801-02;2018-01-24 13:39:30
19275;201802-01;2018-01-25 09:11:26
19275;201802-02;2018-02-06 10:27:34
19278;201802-01;2018-01-29 15:09:52
19278;201802-02;2018-02-19 16:25:36
19278;201803-01;2018-03-07 16:59:17
19278;201803-02;2018-03-20 16:49:46
19278;201804-01;2018-04-03 13:39:21
19281;201802-01;2018-01-29 15:09:31
19281;201802-02;2018-02-19 16:25:37
19281;201803-01;2018-03-07 16:59:18
19282;201802-01;2018-01-26 17:06:31
19284;201802-01;2018-01-29 10:47:57
19284;201802-02;2018-02-19 13:36:21
19284;201803-03;2018-03-07 10:54:34
19284;201803-01;2018-03-07 10:58:51
19284;201803-02;2018-03-19 11:06:02
19284;201804-01;2018-04-02 10:09:16
19284;201804-02;2018-04-16 10:40:45
19284;201805-01;2018-05-02 09:37:09
19286;201802-01;2018-01-23 15:02:18
19286;201802-02;2018-02-19 16:30:16
19287;201801-02;2018-01-29 09:25:48
19288;201802-02;2018-02-19 11:12:05
19288;201803-01;2018-03-05 14:32:06
19288;201803-02;2018-03-20 16:48:25
19288;201804-01;2018-04-02 09:58:08
19288;201804-02;2018-04-16 16:18:41
19288;201805-01;2018-05-02 09:52:43
19291;201804-01;2018-04-03 08:41:53
19291;201804-02;2018-04-03 08:50:39
19291;201804-01;2018-04-03 09:08:07
19291;201804-02;2018-04-16 10:43:16
19291;201805-01;2018-05-02 10:18:05
19298;201802-01;2018-01-30 10:10:15
19298;201802-02;2018-02-19 16:36:12
19298;201803-01;2018-03-07 11:46:06
19298;201803-02;2018-03-20 17:03:53
19298;201804-01;2018-04-02 11:32:59
19298;201804-02;2018-04-16 11:40:29
19298;201805-01;2018-05-02 10:17:38
19300;201801-02;2018-01-26 10:25:31
19300;201802-01;2018-01-30 10:11:08
19300;201802-02;2018-02-19 16:37:48
19300;201803-01;2018-03-07 11:46:20
19300;201803-02;2018-03-20 17:03:08
19300;201804-01;2018-04-02 11:31:50
19300;201804-02;2018-04-16 11:40:48
19300;201805-01;2018-05-02 10:18:08
19303;201802-02;2018-01-25 14:38:21
19303;201803-01;2018-03-07 16:59:19
19303;;2018-03-19 15:43:08
19304;201803-01;2018-03-07 15:19:29
19304;201803-02;2018-03-20 16:45:28
19304;201804-01;2018-04-03 13:39:22
19304;201804-02;2018-04-16 16:18:42
19304;201805-01;2018-05-02 09:52:44
19308;201802-02;2018-02-16 11:10:55
19312;201802-01;2018-01-26 16:19:24
19315;201802-01;2018-01-26 15:19:07
19315;201802-02;2018-02-19 16:36:31
19315;201803-01;2018-03-07 11:46:21
19315;201803-02;2018-03-20 11:32:03
19315;201804-01;2018-04-02 11:31:51
19315;201804-02;2018-04-16 10:43:19
19319;201802-02;2018-02-19 16:36:32
19319;201803-01;2018-03-07 12:02:45
19319;201803-02;2018-03-20 17:04:00
19319;201804-01;2018-04-02 11:33:11
19319;201804-02;2018-04-16 11:40:49
19319;201805-01;2018-05-02 10:18:10
19320;201802-01;2018-01-29 10:40:18
19320;201802-02;2018-02-19 13:36:22
19320;201803-03;2018-03-07 10:54:35
19320;201803-01;2018-03-07 10:58:52
19322;201802-01;2018-01-26 16:21:33
19325;201802-02;2018-02-19 16:30:05
19325;201803-01;2018-03-07 16:58:29
19327;201805-01;2018-04-24 12:20:39
19328;201802-02;2018-02-05 16:33:49
19328;201803-01;2018-03-07 11:46:23
19328;201803-02;2018-03-20 11:32:04
19328;201804-01;2018-04-02 11:31:52
19328;;2018-04-13 10:16:58
19328;201804-02;2018-04-16 10:56:17
19328;201805-01;2018-05-02 10:18:11
19330;201801-02;2018-01-26 16:25:05
19331;201802-01;2018-01-29 10:44:21
19333;201802-01;2018-01-29 08:40:23
19337;201802-02;2018-02-19 16:25:38
19337;201803-01;2018-03-07 16:59:20
19337;201803-02;2018-03-20 16:49:47
19337;201804-01;2018-04-02 13:13:55
19338;201802-02;2018-02-19 14:18:08
19338;201803-01;2018-03-07 16:58:24
19338;201803-02;2018-03-20 16:49:40
19339;201802-02;2018-02-19 16:25:28
19339;201803-01;2018-03-07 16:58:19
19339;201803-02;2018-03-20 16:48:20
19339;201804-01;2018-04-03 13:38:35
19339;201804-02;2018-04-16 16:18:00
19339;201805-01;2018-05-02 09:52:22
19340;201802-02;2018-02-19 16:25:35
19340;201803-01;2018-03-07 16:58:21
19340;201803-02;2018-03-20 16:49:39
19344;201802-01;2018-01-29 16:58:50
19348;201802-01;2018-01-29 14:42:05
19348;201802-02;2018-02-19 16:30:18
19348;201803-01;2018-03-07 16:59:21
19348;201803-02;2018-03-20 16:49:48
19348;201804-01;2018-04-03 13:39:24
19348;201804-02;2018-04-16 16:18:43
19348;201805-01;2018-05-02 09:52:45
19350;201802-01;2018-01-29 12:34:24
19350;201802-02;2018-02-19 16:25:38
19350;201803-01;2018-03-07 16:59:22
19351;201802-01;2018-02-02 10:01:13
19352;201803-02;2018-03-16 16:29:24
19356;201802-02;2018-02-01 10:09:00
19356;201803-02;2018-02-28 10:36:27
19356;201804-01;2018-04-03 13:39:26
19356;201804-02;2018-04-16 16:18:45
19356;201805-01;2018-04-30 16:20:14
19357;201802-02;2018-01-29 16:47:02
19357;201803-01;2018-03-07 16:59:24
19357;;2018-03-19 15:43:09
19359;201802-02;2018-01-30 08:06:37
19359;201803-02;2018-02-16 14:32:20
19359;201804-01;2018-04-02 10:09:17
19359;201804-02;2018-04-16 10:40:46
19359;201805-01;2018-04-30 10:39:56
19361;201802-02;2018-01-30 10:57:17
19364;201802-01;2018-01-30 10:17:03
19364;201802-02;2018-02-19 16:34:49
19364;201803-01;2018-03-08 08:55:37
19364;201803-02;2018-03-20 17:01:31
19364;201804-01;2018-04-03 09:12:05
19364;;2018-04-16 14:33:34
19378;201802-01;2018-02-19 09:32:11
19380;201801-02;2018-02-01 08:42:55
19386;201802-01;2018-02-01 11:14:14
19387;201802-02;2018-02-01 11:19:30
19387;201803-01;2018-03-07 16:59:25
19387;201803-02;2018-03-20 16:51:22
19387;;2018-04-02 14:06:06
19401;201802-02;2018-02-02 09:57:49
19401;201803-01;2018-03-07 16:59:26
19402;201802-02;2018-02-19 16:30:19
19402;201803-01;2018-03-07 16:59:28
19402;201803-02;2018-03-20 16:48:26
19402;201804-01;2018-04-03 13:39:27
19402;201804-02;2018-04-16 16:18:46
19402;201805-01;2018-05-02 09:52:46
19407;201802-01;2018-02-02 16:09:15
19409;201802-01;2018-02-02 16:45:26
19409;201802-02;2018-02-19 14:14:24
19409;201803-01;2018-02-19 15:05:21
19409;201803-02;2018-03-07 11:28:36
19409;201804-01;2018-03-16 09:04:17
19409;;2018-04-03 14:06:09
19410;201802-02;2018-02-05 09:14:20
19410;201803-02;2018-03-02 16:38:14
19410;201804-01;2018-03-19 13:24:48
19410;201805-01;2018-04-12 12:32:26
19416;201802-01;2018-02-05 15:10:08
19416;201802-02;2018-02-19 14:13:01
19418;201805-01;2018-04-18 14:16:21
19419;201802-02;2018-02-06 14:41:52
19419;201803-01;2018-03-07 16:59:29
19419;201803-02;2018-03-20 16:49:49
19419;201804-01;2018-04-03 13:39:29
19422;201802-02;2018-02-06 14:40:46
19422;201803-01;2018-03-07 16:59:31
19431;201802-01;2018-02-06 10:54:19
19437;201802-01;2018-02-07 15:53:37
19437;201802-02;2018-02-19 16:36:34
19438;201802-01;2018-02-06 14:08:26
19444;201802-02;2018-02-19 13:52:34
19444;201803-01;2018-03-07 16:59:33
19444;201803-02;2018-03-20 16:48:27
19444;201804-01;2018-04-03 13:39:31
19444;201804-02;2018-04-16 16:18:48
19444;201805-01;2018-05-02 09:52:48
19445;201803-01;2018-02-19 14:57:58
19445;201804-01;2018-03-19 16:39:37
19445;201804-02;2018-04-16 16:18:49
19445;;2018-05-02 09:43:32
19446;201802-01;2018-02-07 14:50:22
19446;201802-02;2018-02-19 16:31:26
19446;201803-01;2018-03-07 16:59:34
19446;201803-02;2018-03-20 16:50:50
19446;201804-01;2018-04-03 13:39:32
19446;201804-02;2018-04-16 16:18:51
19446;201805-01;2018-05-02 09:52:49
19447;201802-02;2018-02-07 16:05:24
19449;201802-02;2018-02-07 16:30:55
19449;201802-01;2018-02-15 12:03:19
19449;201802-02;2018-02-19 16:38:41
19450;201803-01;2018-02-08 08:41:45
19450;201803-02;2018-03-19 11:06:02
19450;201804-01;2018-04-02 10:09:19
19450;201804-02;2018-04-16 10:40:47
19450;201805-01;2018-04-30 10:40:02
19451;201802-02;2018-02-07 16:52:09
19451;201803-01;2018-03-07 16:59:36
19451;201803-02;2018-03-20 16:50:51
19451;201804-01;2018-04-03 13:39:34
19451;201804-02;2018-04-16 16:18:53
19451;201805-01;2018-05-02 09:52:51
19453;201802-02;2018-02-08 10:10:04
19453;201803-01;2018-03-08 08:55:38
19453;201803-02;2018-03-20 17:01:32
19463;201803-01;2018-02-08 14:48:13
19464;201802-01;2018-02-08 14:57:03
19464;201802-02;2018-02-19 16:33:12
19467;201802-01;2018-02-16 15:04:09
19468;201803-02;2018-03-05 10:02:49
19468;201804-01;2018-04-02 10:09:20
19468;201804-02;2018-04-16 10:40:48
19468;;2018-05-02 09:38:41
19472;201802-01;2018-02-15 13:09:33
19472;201802-02;2018-02-15 13:11:25
19472;201803-01;2018-03-07 11:46:24
19472;201803-02;2018-03-20 17:03:09
19472;201804-01;2018-04-02 11:31:53
19473;201802-01;2018-02-16 10:49:41
19474;201802-02;2018-02-19 13:53:43
19474;201803-01;2018-03-07 16:59:38
19474;201803-02;2018-03-20 16:48:28
19474;201804-01;2018-04-03 13:39:37
19474;201804-02;2018-04-16 16:18:55
19474;201805-01;2018-05-02 09:52:52
19475;201803-01;2018-02-09 10:59:04
19475;201803-02;2018-03-07 11:36:19
19485;201802-01;2018-02-16 10:50:39
19489;201804-01;2018-04-02 11:45:04
19489;201804-02;2018-04-16 11:40:51
19489;201805-01;2018-05-02 10:18:12
19491;201802-02;2018-02-19 10:01:27
19497;201802-02;2018-02-21 10:12:36
19498;201802-02;2018-02-19 10:30:11
19500;201802-01;2018-02-16 11:02:20
19518;201802-02;2018-02-19 10:58:44
19519;201805-01;2018-04-30 09:08:41
19520;201803-01;2018-03-07 16:59:39
19520;201803-02;2018-03-20 16:48:28
19520;201804-01;2018-04-03 13:39:38
19520;201804-02;2018-04-16 16:18:56
19520;201805-01;2018-05-02 09:52:54
19526;201803-01;2018-03-07 16:58:30
19529;2018-02;2018-02-19 13:55:15
19536;201802-02;2018-02-21 10:19:43
19537;201802-02;2018-02-23 14:06:20
19537;201803-01;2018-03-07 11:46:25
19539;201802-02;2018-02-21 08:34:53
19544;201802-02;2018-02-20 16:29:36
19549;201803-02;2018-02-23 14:03:45
19549;201804-01;2018-03-19 13:24:49
19550;201802-02;2018-02-23 13:53:44
19554;201803-01;2018-02-21 09:46:04
19554;201803-02;2018-03-07 11:36:20
19554;201803-01;2018-03-16 09:04:47
19564;201803-01;2018-03-07 12:02:35
19564;201803-02;2018-03-20 17:02:48
19564;201804-01;2018-04-02 11:31:37
19564;201804-02;2018-04-16 10:43:10
19566;201803-02;2018-03-28 09:45:42
19566;201804-01;2018-04-03 13:39:40
19566;201804-02;2018-04-16 16:18:58
19566;201805-01;2018-05-02 09:52:55
19569;201803-01;2018-03-08 08:55:27
19569;201803-02;2018-03-20 17:01:19
19569;201804-01;2018-04-03 09:12:56
19569;201804-02;2018-04-16 16:03:50
19569;201805-01;2018-05-02 10:09:56
19571;201803-01;2018-03-08 08:55:28
19571;201803-02;2018-03-20 17:01:21
19571;201804-01;2018-04-03 09:12:58
19571;201804-02;2018-04-16 16:03:52
19571;201805-01;2018-05-02 10:09:58
19572;;2018-02-21 15:13:50
19573;201802-02;2018-02-26 11:23:18
19573;201803-01;2018-03-08 08:55:30
19573;201803-02;2018-03-20 17:01:23
19573;201804-01;2018-04-03 09:11:51
19573;201804-02;2018-04-16 16:03:54
19573;201805-01;2018-05-02 10:10:00
19575;201805-01;2018-05-03 10:20:45
19576;201804-01;2018-04-13 14:33:28
19576;201804-02;2018-04-16 16:03:55
19576;201805-01;2018-05-02 10:10:02
19577;201804-02;2018-04-17 10:44:16
19577;201805-01;2018-05-02 10:10:03
19584;201802-02;2018-02-22 11:27:23
19587;201803-01;2018-03-15 11:22:10
19588;201802-02;2018-02-22 15:49:49
19591;201803-02;2018-03-16 16:26:03
19591;201804-01;2018-04-02 10:09:21
19591;201804-02;2018-04-16 10:40:49
19591;201805-01;2018-05-02 09:37:11
19592;201803-01;2018-02-22 15:08:15
19592;201803-02;2018-03-20 17:01:33
19592;201804-01;2018-04-03 09:12:06
19592;201804-02;2018-04-16 16:04:02
19592;201805-01;2018-05-02 10:10:13
19596;201803-01;2018-03-05 10:57:59
19597;201803-02;2018-02-23 13:51:51
19597;201804-01;2018-03-19 13:24:51
19597;201805-01;2018-04-12 12:32:27
19601;201802-02;2018-02-23 10:29:21
19604;201803-02;2018-02-23 13:50:51
19604;201804-01;2018-04-03 13:39:42
19613;201802-02;2018-02-23 16:22:00
19613;201803-01;2018-03-07 16:59:41
19613;201803-02;2018-03-20 16:49:50
19613;201804-01;2018-04-03 13:39:44
19614;201805-01;2018-04-30 09:07:30
19620;201804-01;2018-04-10 14:50:33
19620;201804-02;2018-04-16 16:04:04
19620;201805-01;2018-05-02 10:10:15
19621;201803-02;2018-03-20 16:45:29
19621;201804-01;2018-04-03 13:39:46
19621;201804-02;2018-04-16 16:18:59
19621;201805-01;2018-05-02 10:07:40
19626;201803-01;2018-03-05 09:40:25
19626;201803-02;2018-03-20 17:01:35
19626;201804-01;2018-04-03 09:12:07
19626;201804-02;2018-04-16 16:04:05
19626;201805-01;2018-05-02 10:10:16
19628;201803-01;2018-03-07 16:58:22
19628;201803-02;2018-03-20 16:48:21
19628;201804-01;2018-04-03 13:38:37
19628;201804-02;2018-04-16 16:18:01
19628;201805-01;2018-05-02 09:52:23
19635;201803-01;2018-02-27 11:19:30
19635;201803-02;2018-03-20 11:32:06
19635;201804-01;2018-04-02 11:33:13
19641;201803-01;2018-03-07 11:46:08
19641;201803-02;2018-03-20 17:02:53
19641;201804-01;2018-04-02 11:31:41
19657;201803-02;2018-03-19 15:27:08
19657;201804-01;2018-04-03 13:39:48
19657;201804-02;2018-04-16 16:19:03
19657;201805-01;2018-05-02 09:52:59
19665;201803-01;2018-03-02 17:00:11
19665;201803-02;2018-03-20 17:04:01
19665;201804-01;2018-04-02 11:31:53
19672;2018-02;2018-03-05 16:25:00
19672;201802-01;2018-05-11 16:25:36
19676;201802-01;2018-03-02 15:39:11
19676;201802-02;2018-03-05 11:29:49
19676;201803-01;2018-03-07 11:46:27
19684;201804-01;2018-03-19 13:21:11
19684;;2018-04-02 09:08:09
19686;201802-02;2018-03-02 16:49:44
19688;201805-01;2018-05-02 09:37:12
19698;201803-01;2018-03-05 10:41:39
19710;201803-01;2018-03-08 10:53:58
19717;201803-02;2018-03-20 16:48:23
19717;201804-01;2018-04-03 13:38:42
19717;201804-02;2018-04-16 16:18:07
19717;201805-01;2018-05-02 10:07:38
19718;201803-02;2018-03-20 16:49:51
19718;201804-01;2018-04-03 13:39:49
19718;201804-02;2018-04-16 16:19:05
19718;201805-01;2018-04-30 10:25:19
19719;201803-02;2018-03-20 16:49:52
19719;201804-01;2018-04-03 13:39:51
19719;201804-02;2018-04-16 16:19:06
19719;201805-01;2018-05-02 09:53:01
19720;201803-02;2018-03-16 15:48:19
19720;201804-01;2018-04-02 10:09:23
19720;201804-02;2018-04-16 10:40:50
19720;201805-01;2018-05-02 09:37:13
19721;201804-02;2018-04-16 10:40:51
19721;201805-01;2018-04-30 10:40:03
19723;201803-01;2018-03-13 10:37:26
19725;201803-01;2018-03-07 15:24:06
19725;201803-02;2018-03-20 16:45:23
19725;201804-01;2018-04-03 13:38:33
19725;201804-02;2018-04-16 16:17:58
19725;201805-01;2018-05-02 09:52:20
19729;201804-01;2018-03-26 11:22:21
19729;201804-02;2018-04-16 16:19:08
19729;201805-01;2018-04-30 16:20:16
19732;201803-01;2018-03-08 11:43:07
19732;201803-02;2018-03-20 16:49:53
19732;201804-01;2018-04-03 13:39:53
19732;201804-02;2018-04-16 16:19:09
19732;201805-01;2018-05-02 09:53:03
19735;201803-01;2018-03-15 09:59:09
19735;201803-02;2018-03-20 17:01:36
19736;201803-01;2018-03-15 09:59:15
19736;201803-02;2018-03-20 17:01:37
19736;201804-01;2018-04-03 09:12:08
19736;201804-02;2018-04-16 16:04:06
19736;201805-01;2018-05-02 10:10:21
19741;201803-01;2018-03-08 15:40:04
19742;201804-01;2018-04-09 09:02:41
19742;;2018-04-16 15:52:21
19742;201804-02;2018-04-25 10:19:02
19759;201804-01;2018-03-28 14:25:27
19759;201804-02;2018-04-16 10:40:53
19759;201805-01;2018-05-02 09:37:15
19761;201803-01;2018-03-19 13:42:58
19764;201803-01;2018-03-12 15:52:00
19767;201803-01;2018-03-12 16:32:52
19771;201804-01;2018-03-21 10:21:00
19771;201804-02;2018-04-16 10:43:20
19778;201804-01;2018-03-19 13:47:24
19778;201804-02;2018-04-16 16:19:11
19779;201803-02;2018-03-15 15:37:46
19779;201804-01;2018-04-03 09:12:10
19779;201804-02;2018-04-16 16:04:07
19779;201805-01;2018-05-02 10:10:22
19780;201803-02;2018-03-20 17:02:51
19780;201804-01;2018-04-02 11:31:39
19780;201804-02;2018-04-16 10:43:13
19788;201803-02;2018-03-19 14:14:33
19793;201803-01;2018-03-13 14:04:29
19793;201803-02;2018-03-20 16:50:52
19793;201804-01;2018-04-02 11:31:54
19793;201804-02;2018-04-16 16:19:12
19793;201805-01;2018-05-02 09:53:04
19795;201803-01;2018-03-19 11:43:19
19795;201803-02;2018-03-20 17:04:02
19795;201804-01;2018-04-02 11:33:14
19795;201804-02;2018-04-16 11:40:52
19795;201805-01;2018-05-02 10:18:14
19797;201804-01;2018-03-16 09:23:25
19797;201804-02;2018-04-16 16:19:14
19797;;2018-05-02 09:43:34
19800;201803-02;2018-03-23 15:13:02
19801;201803-01;2018-03-14 08:47:32
19808;201804-01;2018-04-02 10:48:41
19808;201804-02;2018-04-16 11:40:53
19808;201805-01;2018-05-02 10:18:15
19814;201803-01;2018-03-15 14:40:37
19814;201803-02;2018-03-20 17:03:10
19815;201803-01;2018-03-15 09:59:16
19815;201803-02;2018-03-20 17:01:38
19817;201803-01;2018-03-15 14:40:44
19817;201803-02;2018-03-20 17:03:11
19821;201803-02;2018-03-20 16:27:12
19822;201803-01;2018-03-14 16:25:38
19826;201803-01;2018-03-15 10:09:31
19860;201803-02;2018-03-15 11:19:54
19877;201804-01;2018-04-09 09:07:09
19877;;2018-04-16 15:52:27
19878;201803-02;2018-03-15 14:43:35
19884;201803-02;2018-03-16 14:35:12
19884;201804-01;2018-04-02 11:33:15
19885;201804-01;2018-04-02 09:58:13
19885;201804-02;2018-04-16 16:19:16
19885;201805-01;2018-05-02 09:53:06
19887;201804-01;2018-04-03 09:26:37
19887;201805-01;2018-04-30 11:15:48
19891;201803-01;2018-03-16 11:28:20
19898;201803-02;2018-03-23 14:36:56
19899;201803-02;2018-03-19 08:54:11
19900;201805-01;2018-04-30 09:00:34
19902;201803-02;2018-03-28 10:44:45
19903;201803-02;2018-03-28 08:55:40
19917;201804-02;2018-03-19 14:32:46
19917;;2018-05-02 09:45:02
19922;201803-02;2018-03-20 08:49:25
19922;201804-01;2018-04-02 10:09:24
19922;201804-02;2018-04-16 10:40:54
19922;201805-01;2018-05-02 09:37:16
19925;201804-01;2018-03-20 16:50:00
19925;201804-02;2018-04-16 16:19:17
19925;201805-01;2018-04-30 16:20:17
19926;201804-01;2018-03-20 16:52:04
19926;201805-02;2018-04-12 12:33:16
19932;201804-01;2018-04-02 09:34:28
19932;201804-02;2018-04-16 16:04:09
19939;201803-02;2018-03-23 16:09:36
19940;201803-02;2018-03-21 09:02:44
19940;201804-01;2018-04-03 09:12:11
19940;201804-02;2018-04-16 16:04:10
19940;201805-01;2018-05-02 10:10:23
19947;201804-01;2018-04-04 08:59:50
19947;201804-02;2018-04-16 11:40:55
19947;201805-01;2018-05-02 10:10:25
19951;201803-02;2018-03-28 14:20:18
19953;201803-02;2018-03-22 09:05:27
19953;201804-01;2018-04-03 09:12:12
19959;201804-01;2018-04-03 13:39:55
19960;201803-02;2018-03-26 11:28:07
19991;201805-02;2018-05-11 14:46:26
19993;201804-01;2018-04-02 16:06:32
20003;201803-02;2018-03-27 16:47:04
20003;201804-01;2018-04-03 13:39:57
20003;201804-02;2018-04-16 16:19:19
20003;201805-01;2018-04-30 10:25:26
20005;201804-01;2018-04-02 09:51:08
20008;201805-01;2018-04-30 15:34:34
20013;201804-02;2018-04-16 14:58:31
20013;201805-01;2018-05-02 09:53:07
20015;201804-01;2018-04-04 08:35:24
20015;201804-02;2018-04-16 14:07:59
20019;201804-01;2018-03-28 11:55:55
20022;201803-02;2018-03-28 14:54:13
20024;201804-01;2018-04-03 09:58:06
20028;201804-01;2018-04-02 11:36:53
20028;201804-02;2018-04-16 16:04:12
20029;201804-01;2018-04-02 15:39:31
20029;201804-02;2018-04-16 16:19:20
20030;201804-01;2018-04-02 11:36:59
20030;201804-02;2018-04-16 16:04:13
20030;201805-01;2018-05-02 10:10:26
20032;201804-01;2018-04-03 15:04:25
20032;201804-02;2018-04-16 16:04:15
20032;201805-01;2018-05-02 10:10:28
20044;201804-01;2018-04-03 10:37:37
20047;201804-02;2018-04-16 11:40:28
20047;201805-01;2018-05-02 10:17:36
20061;201804-02;2018-04-12 16:11:54
20061;201805-01;2018-05-02 09:37:17
20070;201804-02;2018-04-05 13:14:19
20070;201805-01;2018-04-30 10:40:05
20073;201804-02;2018-04-25 08:10:51
20079;201805-01;2018-04-30 10:00:02
20080;201804-02;2018-04-16 16:19:22
20080;201805-01;2018-05-02 09:53:08
20097;201804-01;2018-04-09 09:11:58
20101;201804-01;2018-04-10 08:47:04
20104;201805-01;2018-04-11 09:54:50
20114;201804-02;2018-04-16 10:43:18
20114;201805-01;2018-05-02 10:18:07
20115;201804-01;2018-04-10 15:11:22
20125;201804-02;2018-04-16 16:19:24
20125;201805-01;2018-04-30 10:25:27
20128;201805-01;2018-05-02 09:53:10
20129;201804-02;2018-04-30 14:27:45
20129;201805-01;2018-05-02 09:53:12
20130;201804-01;2018-04-13 08:51:35
20131;201805-01;2018-05-03 11:23:47
20132;201804-01;2018-04-11 15:45:01
20136;201804-02;2018-04-20 11:36:57
20136;201805-01;2018-05-02 10:10:18
20137;201804-02;2018-04-30 14:07:22
20137;201805-01;2018-05-02 10:10:20
20138;201804-02;2018-04-17 08:56:28
20149;201804-02;2018-04-17 09:40:18
20150;201804-02;2018-04-24 16:14:28
20150;201805-01;2018-05-02 09:53:14
20151;201805-01;2018-04-30 08:28:35
20153;201804-02;2018-04-16 16:19:01
20153;201805-01;2018-05-02 09:52:58
20164;201805-01;2018-04-30 11:05:38
20166;201804-02;2018-04-17 09:04:43
20167;201804-02;2018-04-24 16:46:11
20175;201804-02;2018-04-17 09:00:14
20178;201804-02;2018-04-17 10:37:28
20178;201805-01;2018-04-30 16:20:18
20179;201805-01;2018-05-02 10:17:49
20181;201804-02;2018-04-18 08:46:17
20181;201805-01;2018-05-02 09:53:15
20184;201804-02;2018-04-18 14:36:32
20189;201805-02;2018-05-02 15:46:08
20192;201804-02;2018-04-18 09:56:39
20192;201805-01;2018-05-02 10:18:19
20196;201804-02;2018-04-18 13:49:44
20199;201804-02;2018-04-19 08:51:16
20199;201805-01;2018-04-19 09:35:49
20216;201804-02;2018-04-20 09:34:30
20216;;2018-04-24 15:48:05
20216;201805-01;2018-05-02 08:42:53
20219;201804-02;2018-04-19 15:46:05
20219;201805-01;2018-05-02 10:18:21
20223;201804-02;2018-04-27 09:47:16
20223;201805-01;2018-05-02 10:10:08
20228;201804-02;2018-04-23 09:19:51
20230;201804-02;2018-04-20 14:42:15
20230;201805-01;2018-04-30 10:25:27
20231;201804-02;2018-04-20 14:42:46
20231;201805-01;2018-05-02 09:53:18
20234;201805-01;2018-04-30 14:44:14
20236;201804-02;2018-04-24 16:04:57
20236;201805-01;2018-05-02 09:37:18
20238;201804-02;2018-04-23 09:33:28
20243;201805-01;2018-05-02 09:37:19
20244;201805-01;2018-04-26 14:24:16
20258;201804-02;2018-04-24 12:36:30
20266;201805-01;2018-05-04 11:02:16
20272;201805-01;2018-04-24 15:48:13
20286;201805-01;2018-04-30 15:08:53
20287;201804-02;2018-04-26 08:20:47
20287;201805-01;2018-05-02 09:37:21
20301;201804-02;2018-04-27 10:34:21
20301;201805-01;2018-05-02 10:18:18
20311;201805-01;2018-05-03 09:05:35
20312;201805-01;2018-05-11 16:05:33
20315;201805-01;2018-04-30 13:57:38
20318;201805-01;2018-04-30 14:39:02
20321;201805-01;2018-04-30 15:59:46
20324;201805-02;2018-05-04 11:00:06
20328;201805-01;2018-05-02 11:25:33
20330;201805-01;2018-05-02 12:59:42
20331;201805-02;2018-05-11 15:42:07
20334;201805-01;2018-05-02 11:05:13
20336;201805-01;2018-05-02 11:55:23
20337;201805-01;2018-05-04 10:57:01
20338;201805-02;2018-05-02 15:45:39
20342;201805-01;2018-05-02 15:35:25
20343;201805-01;2018-05-03 08:52:21
20345;201805-01;2018-05-03 09:11:34
20346;201805-01;2018-05-03 09:11:36
20347;201805-01;2018-05-03 09:11:37
20348;201805-01;2018-05-03 09:11:39
20349;201805-01;2018-05-03 09:11:40
20350;201805-01;2018-05-03 09:11:42
20351;201805-01;2018-05-03 09:11:43
20352;201805-01;2018-05-03 09:11:45
20353;201805-01;2018-05-03 09:11:46
20354;201805-01;2018-05-03 09:11:47
20355;201805-01;2018-05-03 09:11:49
20356;201805-01;2018-05-03 09:15:47
20358;201805-01;2018-05-10 16:23:54
20365;201805-01;2018-05-03 14:50:49
20368;201805-01;2018-05-03 16:51:26
20382;201805-01;2018-05-04 14:53:56
20387;201804-01;2018-05-07 17:08:19
20392;201805-01;2018-05-04 16:27:28
20394;201805-01;2018-05-07 10:05:20
20400;201805-01;2018-05-08 08:17:35
20401;201805-02;2018-05-08 16:50:51
20414;201805-02;2018-05-10 14:48:54
20425;201805-02;2018-05-11 15:42:40
20429;201805-01;2018-05-09 13:09:03
20441;201805-02;2018-05-10 08:31:08
